{
	"project": "s4",
	"platform": "pc",
	"toolname": "beta",
	"changelist": 10257530,
	"bnet_err_diag_0": "SimpleManifest 2021-09-18T19:31:37 {5858} [ERROR] - failed to open manifest file 'C:\/Program Files (x86)\/Call of Duty Vanguard Beta\/.flavor.info'",
	"bnet_err_diag_1": "SimpleManifest 2021-09-18T19:31:37 {5858} [ERROR] - failed to open manifest file 'C:\/Program Files (x86)\/Call of Duty Vanguard Beta\/.flavor.info'",
	"bnet_err_diag_2": "",
	"bnet_err_diag_3": "",
	"bnet_err_diag_4": "",
	"bnet_err_diag_5": "",
	"bnet_err_diag_6": "",
	"bnet_err_diag_7": "",
	"build_exe_datetime": "Sep 16 2021 14:45:47",
	"build_number": "10257530 Thu Sep 16 14:16:43 2021",
	"connection_state": 0,
	"crashed_module_file": "ntdll.dll",
	"crashed_module_hash": "0xc79a449c680a6349",
	"crashed_module_version": "10.0.19041.1202",
	"crash_signature": "00DA52ED-A8AC78FA-56A67216-75B2269B",
	"crash_time": "2021-09-18 17:44:20(720ms) UTC",
	"data_version": 10151389,
	"db_async_iwfile_load_last_dcache_read_file": "ui.fc",
	"db_async_iwfile_load_last_dcache_read_return": true,
	"db_last_ff_pause": "mp_red_star",
	"db_last_ff_pause_op": "Unpause",
	"db_last_patch_file_0": "ui.fp",
	"db_last_patch_file_1": "ui.fc",
	"db_zone_last_fastfile": "ui",
	"db_zone_last_fastfile_load_type": "Preloading",
	"dlog_executable_run_sent": true,
	"dlog_session_start_sent": true,
	"dxr_enabled": false,
	"engine_runtime": "[720, 780[",
	"error_type": "native",
	"exception_address": "0x00007FF973ED4F99",
	"exception_code": "0x00001337",
	"exception_code_from_map_address": "0x00007ff97634d3f4",
	"exception_type": "Watchdog Exception",
	"executable_name": "game_ship.exe",
	"fileio_open_id0": "cache_23_0.xpak",
	"gamemode": "mp",
	"hw_baseboard_manufacturer": "LENOVO",
	"hw_baseboard_product": "LNVNB161216",
	"hw_baseboard_version": "BHCN42W",
	"hw_bios_release_date": "05\/21\/2021",
	"hw_cpu_amd_physics_multi_threading_enabled": true,
	"hw_cpu_bios_microcode_version": "00 00 00 00 FFFFFFEA 00 00 00",
	"hw_cpu_cores_logical": 12,
	"hw_cpu_cores_physical": 6,
	"hw_cpu_family_and_model": "Intel64 Family 6 Model 158 Stepping 13",
	"hw_cpu_feature_set": 1025196031,
	"hw_cpu_frequency": 2592,
	"hw_cpu_microcode_version": "00 00 00 00 FFFFFFEA 00 00 00",
	"hw_cpu_name": "Intel(R) Core(TM) i7-9750HF CPU @ 2.60GHz",
	"hw_cpu_platform_specific_field_1": 32,
	"hw_cpu_vendor": "GenuineIntel",
	"hw_gpu_dedicated_system_memory": 0,
	"hw_gpu_dedicated_video_memory": 6270484480,
	"hw_gpu_description": "NVIDIA GeForce RTX 2060",
	"hw_gpu_device_id": 7953,
	"hw_gpu_driver_version": "47141",
	"hw_gpu_revision_id": 161,
	"hw_gpu_shared_system_memory": 8548116480,
	"hw_gpu_vendor_id": 4318,
	"hw_gpu_vram_mb": 5980,
	"hw_ram_mb": 0,
	"language": "pl",
	"language_code": "pof",
	"live_bnet_country_code": "PL",
	"live_igr": false,
	"live_igr_paid": false,
	"lui_init": "vm:0000024DDBA9E690,fe:1,gt:2,ali:0,ms:0,il:1,ci:0,xp:0,xps:0,mlg:0,sl:0,cp:0,fo:0",
	"map_name": "mp_red_star",
	"os_windows_info": "Windows 10 Pro, Version 2009, ( OS Build 19042 )",
	"os_windows_info_build": "19042",
	"os_windows_info_family": "Windows 10 Pro",
	"os_windows_info_version": "2009",
	"own_base_game": true,
	"party_size": 10,
	"perfinfo_commit_limit_mb": 32503,
	"perfinfo_commit_peak_mb": 25461,
	"perfinfo_commit_total_mb": 23386,
	"perfinfo_handle_count": 115481,
	"perfinfo_kernel_nonpaged_mb": 487,
	"perfinfo_kernel_paged_mb": 568,
	"perfinfo_kernel_total_mb": 1056,
	"perfinfo_page_size": 4096,
	"perfinfo_physical_available_mb": 4096,
	"perfinfo_physical_total_mb": 16304,
	"perfinfo_process_count": 257,
	"perfinfo_system_cache_mb": 4524,
	"perfinfo_thread_count": 3855,
	"playlists_version": 46,
	"procmem_non_paged_pool_usage_mb": 0,
	"procmem_paged_pool_usage_mb": 0,
	"procmem_page_fault_count": 45959162,
	"procmem_page_file_usage_mb": 9480,
	"procmem_peak_non_paged_pool_usage_mb": 0,
	"procmem_peak_paged_pool_usage_mb": 1,
	"procmem_peak_page_file_usage_mb": 10623,
	"procmem_peak_working_set_size_mb": 5621,
	"procmem_working_set_size_mb": 5179,
	"protocol_version": 56103271,
	"public_address": "FA9DF78F-B75FA85F-B673A8F6-FA131C66",
	"pubvars_general_version": "1.65",
	"pubvars_pc_version": "0.0",
	"region_code": "ww",
	"tactvfs_build_version": "0.2.7.10140263",
	"tactvfs_in_use": true,
	"tactvfs_is_shared_container_build": false,
	"tactvfs_is_using_aramdillo_decryption": true,
	"taskgraph_options_0": "0x00000000",
	"taskgraph_options_1": "0x00000000",
	"taskgraph_options_2": "0x00000000",
	"taskgraph_options_3": "0x00000000",
	"taskgraph_options_4": "0x00000000",
	"taskgraph_options_5": "0x00000000",
	"taskgraph_options_6": "0x00000000",
	"taskgraph_options_7": "0x00000000",
	"tdr_ddi_delay": 5,
	"tdr_debug_mode": 2,
	"tdr_delay": 2,
	"tdr_level": 3,
	"tdr_limit_count": 5,
	"tdr_limit_time": 60,
	"tdr_test_mode": 4294967295,
	"time_since_last_focus_change": "[720, 780[",
	"time_since_last_reconfig": "[720, 780[",
	"ui_root": 10,
	"vidmem_available_mb": 0,
	"vidmem_budget_mb": 4390,
	"vidmem_deficit_mb": 7,
	"vidmem_expected_dedicated_mb": 3714,
	"vidmem_expected_reserved_mb": 612,
	"vidmem_expected_system_mb": 868,
	"vidmem_system_available_mb": 6042,
	"vidmem_system_budget_mb": 7488,
	"vidmem_system_deficit_mb": 0,
	"vidmem_system_used_high_watermark_mb": 1445,
	"vidmem_system_used_mb": 1445,
	"vidmem_used_high_watermark_mb": 4918,
	"vidmem_used_mb": 4398,
	"window_state": "Maximized",
	"xfile_version": 4986,
	"kvp_buffer_size": 32768,
	"kvp_buffer_used": 6665,
	"kvp_buffer_used_percent": 20,
	"kvp_last_errors_0": "Kvp id 160 - update - bad parameter(s) - ptrToValue: null - valueCount: 1",
	"kvp_last_errors_1": "",
	"kvp_last_errors_2": "",
	"kvp_number_errors": 1
}
