UsedInCrashSignature,FrameIndex,FrameAddress,FrameAdjustedAddress,ModuleBaseAddress,ModuleName
0,15,0x00007FF7BB57F167,0x0000000001B8F167,0x00007FF7B99F0000,C:\Program Files (x86)\Call of Duty Vanguard Beta\Vanguard.exe
0,14,0x00007FF7BB581BEB,0x0000000001B91BEB,0x00007FF7B99F0000,C:\Program Files (x86)\Call of Duty Vanguard Beta\Vanguard.exe
0,13,0x00007FF7BB5808E9,0x0000000001B908E9,0x00007FF7B99F0000,C:\Program Files (x86)\Call of Duty Vanguard Beta\Vanguard.exe
0,12,0x00007FF7BB580805,0x0000000001B90805,0x00007FF7B99F0000,C:\Program Files (x86)\Call of Duty Vanguard Beta\Vanguard.exe
0,11,0x00007FF973FAC347,0x000000000010C347,0x00007FF973EA0000,C:\WINDOWS\System32\KERNELBASE.dll
0,10,0x00007FF9763551B0,0x00000000000A51B0,0x00007FF9762B0000,C:\WINDOWS\SYSTEM32\ntdll.dll
0,9,0x00007FF97633C766,0x000000000008C766,0x00007FF9762B0000,C:\WINDOWS\SYSTEM32\ntdll.dll
0,8,0x00007FF9763520CF,0x00000000000A20CF,0x00007FF9762B0000,C:\WINDOWS\SYSTEM32\ntdll.dll
0,7,0x00007FF976301454,0x0000000000051454,0x00007FF9762B0000,C:\WINDOWS\SYSTEM32\ntdll.dll
0,6,0x00007FF976350BFE,0x00000000000A0BFE,0x00007FF9762B0000,C:\WINDOWS\SYSTEM32\ntdll.dll
0,5,0x00007FF973ED4F99,0x0000000000034F99,0x00007FF973EA0000,C:\WINDOWS\System32\KERNELBASE.dll
1,4,0x00007FF7BB580129,0x0000000001B90129,0x00007FF7B99F0000,C:\Program Files (x86)\Call of Duty Vanguard Beta\Vanguard.exe
1,3,0x00007FF7BC596AA4,0x0000000002BA6AA4,0x00007FF7B99F0000,C:\Program Files (x86)\Call of Duty Vanguard Beta\Vanguard.exe
0,2,0x00007FF974DD7034,0x0000000000017034,0x00007FF974DC0000,C:\WINDOWS\System32\KERNEL32.DLL
0,1,0x00007FF976302651,0x0000000000052651,0x00007FF9762B0000,C:\WINDOWS\SYSTEM32\ntdll.dll
#,,,,,Number of frames captured: 15
#,,,,,Crash signature generated - based on 2 frames : 00DA52ED-A8AC78FA-56A67216-75B2269B
